term,estimate,std_error,t_value,p_value,ci_low_95,ci_high_95
(Intercept),-0.016949029208786125,2.1912239818062693e-4,-77.34959707229338,2.2459873840457e-310,-0.017379387052812112,-0.016518671364760137
Ability,3.5579672793711013e-4,4.784309519953049e-6,74.36741424300695,2.8972528422281756e-301,3.4640031229336225e-4,3.65193143580858e-4
I(Ability^2),-1.8218162854148566e-6,2.546906235139637e-8,-71.53055971512723,2.551880414783203e-292,-1.8718376928744223e-6,-1.7717948779552908e-6
